{"organisation":"AU_Govt_ABS_Census","name":"abs_2021census_g62_aust_sa4","title":"Method of Travel to Work by Sex","legal":{"attribution":"{datasource.organisationTitle}, ({dataset.attributionYear}): {dataset.title}; accessed from SUDO on {dateOfAccess}.","attributionYear":"2022","clickthrough":false,"copyrightNotice":"&copy; Commonwealth of Australia (Australian Bureau of Statistics) {dataset.copyrightYear}","copyrightYear":"2022","licenceType":"Creative Commons Attribution 2.5 Australia (CC BY 2.5 AU)"},"referenceSystemIdentifier":"urn:x-ogc:def:crs:EPSG:4283","geoLevel":"sa4_2021","key":"sa4_code_2021","keyRegex":null,"availability":"true","geomField":"geom","keyword":"census","theme":null,"temporalExtent":{"beginDate":"2021-01-01T00:00:00","endDate":"2021-12-31T00:00:00","selectTime":false},"type":"dataset","_id":"dataset-AU_Govt_ABS_Census-2021-G62-aust_SA4-SA4","bbox":[96.81676569599999,-43.740509603,159.109219008,-9.142175977],"abstract":"Method of Travel to Work by Sex","selectedAttributes":[{"name":"sa4_code_2021","type":"String","title":"sa4_code_2021","description":"SA4","stype":"nominal","isDimension":false},{"name":"one_method_train_m","type":"Integer","title":"One_method_Train_Males","description":"Males","stype":"ratio","isDimension":false},{"name":"one_method_train_f","type":"Integer","title":"One_method_Train_Females","description":"Females","stype":"ratio","isDimension":false},{"name":"one_method_train_p","type":"Integer","title":"One_method_Train_Persons","description":"Persons","stype":"ratio","isDimension":false},{"name":"one_method_bus_m","type":"Integer","title":"One_method_Bus_Males","description":"Males","stype":"ratio","isDimension":false},{"name":"one_method_bus_f","type":"Integer","title":"One_method_Bus_Females","description":"Females","stype":"ratio","isDimension":false},{"name":"one_method_bus_p","type":"Integer","title":"One_method_Bus_Persons","description":"Persons","stype":"ratio","isDimension":false},{"name":"one_method_ferry_m","type":"Integer","title":"One_method_Ferry_Males","description":"Males","stype":"ratio","isDimension":false},{"name":"one_method_ferry_f","type":"Integer","title":"One_method_Ferry_Females","description":"Females","stype":"ratio","isDimension":false},{"name":"one_method_ferry_p","type":"Integer","title":"One_method_Ferry_Persons","description":"Persons","stype":"ratio","isDimension":false},{"name":"one_met_tram_or_lt_rail_m","type":"Integer","title":"One_method_Tram_light_rail_Males","description":"Males","stype":"ratio","isDimension":false},{"name":"one_met_tram_or_lt_rail_f","type":"Integer","title":"One_method_Tram_light_rail_Females","description":"Females","stype":"ratio","isDimension":false},{"name":"one_met_tram_or_lt_rail_p","type":"Integer","title":"One_method_Tram_light_rail_Persons","description":"Persons","stype":"ratio","isDimension":false},{"name":"one_met_taxi_or_rideshare_m","type":"Integer","title":"One_method_Taxi_ride_share_service_Males","description":"Males","stype":"ratio","isDimension":false},{"name":"one_met_taxi_or_rideshare_f","type":"Integer","title":"One_method_Taxi_ride_share_service_Females","description":"Females","stype":"ratio","isDimension":false},{"name":"one_met_taxi_or_rideshare_p","type":"Integer","title":"One_method_Taxi_ride_share_service_Persons","description":"Persons","stype":"ratio","isDimension":false},{"name":"one_method_car_as_driver_m","type":"Integer","title":"One_method_Car_as_driver_Males","description":"Males","stype":"ratio","isDimension":false},{"name":"one_method_car_as_driver_f","type":"Integer","title":"One_method_Car_as_driver_Females","description":"Females","stype":"ratio","isDimension":false},{"name":"one_method_car_as_driver_p","type":"Integer","title":"One_method_Car_as_driver_Persons","description":"Persons","stype":"ratio","isDimension":false},{"name":"one_method_car_as_passenger_m","type":"Integer","title":"One_method_Car_as_passenger_Males","description":"Males","stype":"ratio","isDimension":false},{"name":"one_method_car_as_passenger_f","type":"Integer","title":"One_method_Car_as_passenger_Females","description":"Females","stype":"ratio","isDimension":false},{"name":"one_method_car_as_passenger_p","type":"Integer","title":"One_method_Car_as_passenger_Persons","description":"Persons","stype":"ratio","isDimension":false},{"name":"one_method_truck_m","type":"Integer","title":"One_method_Truck_Males","description":"Males","stype":"ratio","isDimension":false},{"name":"one_method_truck_f","type":"Integer","title":"One_method_Truck_Females","description":"Females","stype":"ratio","isDimension":false},{"name":"one_method_truck_p","type":"Integer","title":"One_method_Truck_Persons","description":"Persons","stype":"ratio","isDimension":false},{"name":"one_method_motorbike_scootr_m","type":"Integer","title":"One_method_Motorbike_scooter_Males","description":"Males","stype":"ratio","isDimension":false},{"name":"one_method_motorbike_scootr_f","type":"Integer","title":"One_method_Motorbike_scooter_Females","description":"Females","stype":"ratio","isDimension":false},{"name":"one_method_motorbike_scootr_p","type":"Integer","title":"One_method_Motorbike_scooter_Persons","description":"Persons","stype":"ratio","isDimension":false},{"name":"one_method_bicycle_m","type":"Integer","title":"One_method_Bicycle_Males","description":"Males","stype":"ratio","isDimension":false},{"name":"one_method_bicycle_f","type":"Integer","title":"One_method_Bicycle_Females","description":"Females","stype":"ratio","isDimension":false},{"name":"one_method_bicycle_p","type":"Integer","title":"One_method_Bicycle_Persons","description":"Persons","stype":"ratio","isDimension":false},{"name":"one_method_other_m","type":"Integer","title":"One_method_Other_Males","description":"Males","stype":"ratio","isDimension":false},{"name":"one_method_other_f","type":"Integer","title":"One_method_Other_Females","description":"Females","stype":"ratio","isDimension":false},{"name":"one_method_other_p","type":"Integer","title":"One_method_Other_Persons","description":"Persons","stype":"ratio","isDimension":false},{"name":"one_method_walked_only_m","type":"Integer","title":"One_method_Walked_only_Males","description":"Males","stype":"ratio","isDimension":false},{"name":"one_method_walked_only_f","type":"Integer","title":"One_method_Walked_only_Females","description":"Females","stype":"ratio","isDimension":false},{"name":"one_method_walked_only_p","type":"Integer","title":"One_method_Walked_only_Persons","description":"Persons","stype":"ratio","isDimension":false},{"name":"one_method_tot_one_method_m","type":"Integer","title":"One_method_Total_one_method_Males","description":"Males","stype":"ratio","isDimension":false},{"name":"one_method_tot_one_method_f","type":"Integer","title":"One_method_Total_one_method_Females","description":"Females","stype":"ratio","isDimension":false},{"name":"one_method_tot_one_method_p","type":"Integer","title":"One_method_Total_one_method_Persons","description":"Persons","stype":"ratio","isDimension":false},{"name":"two_methods_train_bus_m","type":"Integer","title":"Two_methods_Train_and_Bus_Males","description":"Males","stype":"ratio","isDimension":false},{"name":"two_methods_train_bus_f","type":"Integer","title":"Two_methods_Train_and_Bus_Females","description":"Females","stype":"ratio","isDimension":false},{"name":"two_methods_train_bus_p","type":"Integer","title":"Two_methods_Train_and_Bus_Persons","description":"Persons","stype":"ratio","isDimension":false},{"name":"two_methods_train_ferry_m","type":"Integer","title":"Two_methods_Train_and_Ferry_Males","description":"Males","stype":"ratio","isDimension":false},{"name":"two_methods_train_ferry_f","type":"Integer","title":"Two_methods_Train_and_Ferry_Females","description":"Females","stype":"ratio","isDimension":false},{"name":"two_methods_train_ferry_p","type":"Integer","title":"Two_methods_Train_and_Ferry_Persons","description":"Persons","stype":"ratio","isDimension":false},{"name":"two_mt_trn_trm_or_lt_rail_m","type":"Integer","title":"Two_methods_Train_and_Tram_light_rail_Males","description":"Males","stype":"ratio","isDimension":false},{"name":"two_mt_trn_trm_or_lt_rail_f","type":"Integer","title":"Two_methods_Train_and_Tram_light_rail_Females","description":"Females","stype":"ratio","isDimension":false},{"name":"two_mt_trn_trm_or_lt_rail_p","type":"Integer","title":"Two_methods_Train_and_Tram_light_rail_Persons","description":"Persons","stype":"ratio","isDimension":false},{"name":"two_methods_trn_car_as_drvr_m","type":"Integer","title":"Two_methods_Train_and_Car_as_driver_Males","description":"Males","stype":"ratio","isDimension":false},{"name":"two_methods_trn_car_as_drvr_f","type":"Integer","title":"Two_methods_Train_and_Car_as_driver_Females","description":"Females","stype":"ratio","isDimension":false},{"name":"two_methods_trn_car_as_drvr_p","type":"Integer","title":"Two_methods_Train_and_Car_as_driver_Persons","description":"Persons","stype":"ratio","isDimension":false},{"name":"two_methods_trn_car_as_pass_m","type":"Integer","title":"Two_methods_Train_and_Car_as_passenger_Males","description":"Males","stype":"ratio","isDimension":false},{"name":"two_methods_trn_car_as_pass_f","type":"Integer","title":"Two_methods_Train_and_Car_as_passenger_Females","description":"Females","stype":"ratio","isDimension":false},{"name":"two_methods_trn_car_as_pass_p","type":"Integer","title":"Two_methods_Train_and_Car_as_passenger_Persons","description":"Persons","stype":"ratio","isDimension":false},{"name":"two_methods_train_other_m","type":"Integer","title":"Two_methods_Train_and_Other_Males","description":"Males","stype":"ratio","isDimension":false},{"name":"two_methods_train_other_f","type":"Integer","title":"Two_methods_Train_and_Other_Females","description":"Females","stype":"ratio","isDimension":false},{"name":"two_methods_train_other_p","type":"Integer","title":"Two_methods_Train_and_Other_Persons","description":"Persons","stype":"ratio","isDimension":false},{"name":"two_methods_train_tot_m","type":"Integer","title":"Two_methods_Train_and_Total_Males","description":"Males","stype":"ratio","isDimension":false},{"name":"two_methods_train_tot_f","type":"Integer","title":"Two_methods_Train_and_Total_Females","description":"Females","stype":"ratio","isDimension":false},{"name":"two_methods_train_tot_p","type":"Integer","title":"Two_methods_Train_and_Total_Persons","description":"Persons","stype":"ratio","isDimension":false},{"name":"two_methods_bus_ferry_m","type":"Integer","title":"Two_methods_Bus_and_Ferry_Males","description":"Males","stype":"ratio","isDimension":false},{"name":"two_methods_bus_ferry_f","type":"Integer","title":"Two_methods_Bus_and_Ferry_Females","description":"Females","stype":"ratio","isDimension":false},{"name":"two_methods_bus_ferry_p","type":"Integer","title":"Two_methods_Bus_and_Ferry_Persons","description":"Persons","stype":"ratio","isDimension":false},{"name":"two_mth_bu_trm_or_lt_rail_m","type":"Integer","title":"Two_methods_Bus_and_Tram_light_rail_Males","description":"Males","stype":"ratio","isDimension":false},{"name":"two_mth_bu_trm_or_lt_rail_f","type":"Integer","title":"Two_methods_Bus_and_Tram_light_rail_Females","description":"Females","stype":"ratio","isDimension":false},{"name":"two_mth_bu_trm_or_lt_rail_p","type":"Integer","title":"Two_methods_Bus_and_Tram_light_rail_Persons","description":"Persons","stype":"ratio","isDimension":false},{"name":"two_methods_bus_car_as_drvr_m","type":"Integer","title":"Two_methods_Bus_and_Car_as_driver_Males","description":"Males","stype":"ratio","isDimension":false},{"name":"two_methods_bus_car_as_drvr_f","type":"Integer","title":"Two_methods_Bus_and_Car_as_driver_Females","description":"Females","stype":"ratio","isDimension":false},{"name":"two_methods_bus_car_as_drvr_p","type":"Integer","title":"Two_methods_Bus_and_Car_as_driver_Persons","description":"Persons","stype":"ratio","isDimension":false},{"name":"two_methods_bus_car_as_pass_m","type":"Integer","title":"Two_methods_Bus_and_Car_as_passenger_Males","description":"Males","stype":"ratio","isDimension":false},{"name":"two_methods_bus_car_as_pass_f","type":"Integer","title":"Two_methods_Bus_and_Car_as_passenger_Females","description":"Females","stype":"ratio","isDimension":false},{"name":"two_methods_bus_car_as_pass_p","type":"Integer","title":"Two_methods_Bus_and_Car_as_passenger_Persons","description":"Persons","stype":"ratio","isDimension":false},{"name":"two_methods_bus_other_m","type":"Integer","title":"Two_methods_Bus_and_Other_Males","description":"Males","stype":"ratio","isDimension":false},{"name":"two_methods_bus_other_f","type":"Integer","title":"Two_methods_Bus_and_Other_Females","description":"Females","stype":"ratio","isDimension":false},{"name":"two_methods_bus_other_p","type":"Integer","title":"Two_methods_Bus_and_Other_Persons","description":"Persons","stype":"ratio","isDimension":false},{"name":"two_methods_bus_tot_m","type":"Integer","title":"Two_methods_Bus_and_Total_Males","description":"Males","stype":"ratio","isDimension":false},{"name":"two_methods_bus_tot_f","type":"Integer","title":"Two_methods_Bus_and_Total_Females","description":"Females","stype":"ratio","isDimension":false},{"name":"two_methods_bus_tot_p","type":"Integer","title":"Two_methods_Bus_and_Total_Persons","description":"Persons","stype":"ratio","isDimension":false},{"name":"two_methds_othr_two_methds_m","type":"Integer","title":"Two_methods_Other_two_methods_Males","description":"Males","stype":"ratio","isDimension":false},{"name":"two_methds_othr_two_methds_f","type":"Integer","title":"Two_methods_Other_two_methods_Females","description":"Females","stype":"ratio","isDimension":false},{"name":"two_methds_othr_two_methds_p","type":"Integer","title":"Two_methods_Other_two_methods_Persons","description":"Persons","stype":"ratio","isDimension":false},{"name":"two_methods_tot_two_methods_m","type":"Integer","title":"Two_methods_Total_two_methods_Males","description":"Males","stype":"ratio","isDimension":false},{"name":"two_methods_tot_two_methods_f","type":"Integer","title":"Two_methods_Total_two_methods_Females","description":"Females","stype":"ratio","isDimension":false},{"name":"two_methods_tot_two_methods_p","type":"Integer","title":"Two_methods_Total_two_methods_Persons","description":"Persons","stype":"ratio","isDimension":false},{"name":"three_meth_tr_2_oth_meth_m","type":"Integer","title":"Three_methods_Train_and_two_other_methods_Males","description":"Males","stype":"ratio","isDimension":false},{"name":"three_meth_tr_2_oth_meth_f","type":"Integer","title":"Three_methods_Train_and_two_other_methods_Females","description":"Females","stype":"ratio","isDimension":false},{"name":"three_meth_tr_2_oth_meth_p","type":"Integer","title":"Three_methods_Train_and_two_other_methods_Persons","description":"Persons","stype":"ratio","isDimension":false},{"name":"three_met_bs_2_ot_met_ex_tr_m","type":"Integer","title":"Three_methods_Bus_and_two_other_methods_excludes_trains_Males","description":"Males","stype":"ratio","isDimension":false},{"name":"three_met_bs_2_ot_met_ex_tr_f","type":"Integer","title":"Three_methods_Bus_and_two_other_methods_excludes_trains_Females","description":"Females","stype":"ratio","isDimension":false},{"name":"three_met_bs_2_ot_met_ex_tr_p","type":"Integer","title":"Three_methods_Bus_and_two_other_methods_excludes_trains_Persons","description":"Persons","stype":"ratio","isDimension":false},{"name":"three_meth_othr_three_meth_m","type":"Integer","title":"Three_methods_Other_three_methods_Males","description":"Males","stype":"ratio","isDimension":false},{"name":"three_meth_othr_three_meth_f","type":"Integer","title":"Three_methods_Other_three_methods_Females","description":"Females","stype":"ratio","isDimension":false},{"name":"three_meth_othr_three_meth_p","type":"Integer","title":"Three_methods_Other_three_methods_Persons","description":"Persons","stype":"ratio","isDimension":false},{"name":"three_meth_tot_three_meth_m","type":"Integer","title":"Three_methods_Total_three_methods_Males","description":"Males","stype":"ratio","isDimension":false},{"name":"three_meth_tot_three_meth_f","type":"Integer","title":"Three_methods_Total_three_methods_Females","description":"Females","stype":"ratio","isDimension":false},{"name":"three_meth_tot_three_meth_p","type":"Integer","title":"Three_methods_Total_three_methods_Persons","description":"Persons","stype":"ratio","isDimension":false},{"name":"worked_home_m","type":"Integer","title":"Worked_at_home_Males","description":"Males","stype":"ratio","isDimension":false},{"name":"worked_home_f","type":"Integer","title":"Worked_at_home_Females","description":"Females","stype":"ratio","isDimension":false},{"name":"worked_home_p","type":"Integer","title":"Worked_at_home_Persons","description":"Persons","stype":"ratio","isDimension":false},{"name":"did_not_go_to_work_m","type":"Integer","title":"Did_not_go_to_work_Males","description":"Males","stype":"ratio","isDimension":false},{"name":"did_not_go_to_work_f","type":"Integer","title":"Did_not_go_to_work_Females","description":"Females","stype":"ratio","isDimension":false},{"name":"did_not_go_to_work_p","type":"Integer","title":"Did_not_go_to_work_Persons","description":"Persons","stype":"ratio","isDimension":false},{"name":"method_travel_to_work_ns_m","type":"Integer","title":"Method_of_travel_to_work_not_stated_Males","description":"Males","stype":"ratio","isDimension":false},{"name":"method_travel_to_work_ns_f","type":"Integer","title":"Method_of_travel_to_work_not_stated_Females","description":"Females","stype":"ratio","isDimension":false},{"name":"method_travel_to_work_ns_p","type":"Integer","title":"Method_of_travel_to_work_not_stated_Persons","description":"Persons","stype":"ratio","isDimension":false},{"name":"tot_m","type":"Integer","title":"Total_Males","description":"Males","stype":"ratio","isDimension":false},{"name":"tot_f","type":"Integer","title":"Total_Females","description":"Females","stype":"ratio","isDimension":false},{"name":"tot_p","type":"Integer","title":"Total_Persons","description":"Persons","stype":"ratio","isDimension":false}],"filter":{"filterType":"tabular","feature":{"key":"sa4_code_2021","geoLevel":"sa4_2021","geoField":"ignored","year":"2006","featureBbox":[96.81676569599999,-43.740509603,159.109219008,-9.142175977],"featureType":"country","featureInstance":"au","featureName":"Australia","referenceSystemIdentifier":"urn:x-ogc:def:crs:EPSG:4283","prefix":"","keyTransform":null},"states":[]}}